{
  "iot1/teaching_factory_fast/recipe": {
    "1": {
      "recipe": "2024-02-16",
      "time": 1718258774,
      "color_levels_grams": {
        "red": 10,
        "blue": 20,
        "green": 15
      }
    }
  },
  "iot1/teaching_factory_fast/drop_vibration": {
    "1": {
      "bottle": "24554",
      "drop_vibration": [
        "0.0000000000",
        "1.7865238235",
        "0.2507796685",
        "-0.2783780690",
        "-2.0959209845",
        "0.6173554688",
        "1.3878285894",
        "0.2692443354",
        "-0.3410565101",
        "-2.3128227530",
        "1.1401287732",
        "0.9333515287",
        "0.3387765822",
        "-0.4255104793",
        "-2.4500312567",
        "1.5133939992",
        "0.4913789548",
        "0.4540845024",
        "-0.5191398639",
        "-2.5233958463",
        "1.7365236038",
        "0.1485476114",
        "0.5947476532",
        "-0.6118011978",
        "-2.5452343508",
        "1.8489882505",
        "-0.0256969909",
        "0.7220164289",
        "-0.6954618094",
        "-2.5237277370",
        "1.9033896182",
        "-0.0136539509",
        "0.7823026740",
        "-0.7617599814",
        "-2.4655868902",
        "1.9438682420",
        "0.1419975723",
        "0.7226430664",
        "-0.7988345244",
        "-2.3791293803",
        "1.9971111024",
        "0.3621744335",
        "0.5167561887",
        "-0.7899422120",
        "-2.2757642979",
        "2.0730185455",
        "0.5697331591",
        "0.1882823191",
        "-0.7168246236",
        "-2.1692171699",
        "2.1692171699",
        "0.7168246236",
        "-0.1882823191",
        "-0.5697331591",
        "-2.0730185455",
        "2.2757642979",
        "0.7899422120",
        "-0.5167561887",
        "-0.3621744335",
        "-1.9971111024",
        "2.3791293803",
        "0.7988345244",
        "-0.7226430664",
        "-0.1419975723",
        "-1.9438682420",
        "2.4655868902",
        "0.7617599814",
        "-0.7823026740",
        "0.0136539509",
        "-1.9033896182",
        "2.5237277370",
        "0.6954618094",
        "-0.7220164289",
        "0.0256969909",
        "-1.8489882505",
        "2.5452343508",
        "0.6118011978",
        "-0.5947476532",
        "-0.1485476114",
        "-1.7365236038",
        "2.5233958463",
        "0.5191398639",
        "-0.4540845024",
        "-0.4913789548",
        "-1.5133939992",
        "2.4500312567",
        "0.4255104793",
        "-0.3387765822",
        "-0.9333515287",
        "-1.1401287732",
        "2.3128227530",
        "0.3410565101",
        "-0.2692443354",
        "-1.3878285894",
        "-0.6173554688",
        "2.0959209845",
        "0.2783780690",
        "-0.2507796685",
        "-1.7865238235",
        "0.0000000000"
      ]
    },
    "2": {
      "bottle": "24555",
      "drop_vibration": [
        "0.0000000000",
        "1.7865238235",
        "0.2507796685",
        "-0.2783780690",
        "-2.0959209845",
        "0.6173554688",
        "1.3878285894",
        "0.2692443354",
        "-0.3410565101",
        "-2.3128227530",
        "1.1401287732",
        "0.9333515287",
        "0.3387765822",
        "-0.4255104793",
        "-2.4500312567",
        "1.5133939992",
        "0.4913789548",
        "0.4540845024",
        "-0.5191398639",
        "-2.5233958463",
        "1.7365236038",
        "0.1485476114",
        "0.5947476532",
        "-0.6118011978",
        "-2.5452343508",
        "1.8489882505",
        "-0.0256969909",
        "0.7220164289",
        "-0.6954618094",
        "-2.5237277370",
        "1.9033896182",
        "-0.0136539509",
        "0.7823026740",
        "-0.7617599814",
        "-2.4655868902",
        "1.9438682420",
        "0.1419975723",
        "0.7226430664",
        "-0.7988345244",
        "-2.3791293803",
        "1.9971111024",
        "0.3621744335",
        "0.5167561887",
        "-0.7899422120",
        "-2.2757642979",
        "2.0730185455",
        "0.5697331591",
        "0.1882823191",
        "-0.7168246236",
        "-2.1692171699",
        "2.1692171699",
        "0.7168246236",
        "-0.1882823191",
        "-0.5697331591",
        "-2.0730185455",
        "2.2757642979",
        "0.7899422120",
        "-0.5167561887",
        "-0.3621744335",
        "-1.9971111024",
        "2.3791293803",
        "0.7988345244",
        "-0.7226430664",
        "-0.1419975723",
        "-1.9438682420",
        "2.4655868902",
        "0.7617599814",
        "-0.7823026740",
        "0.0136539509",
        "-1.9033896182",
        "2.5237277370",
        "0.6954618094",
        "-0.7220164289",
        "0.0256969909",
        "-1.8489882505",
        "2.5452343508",
        "0.6118011978",
        "-0.5947476532",
        "-0.1485476114",
        "-1.7365236038",
        "2.5233958463",
        "0.5191398639",
        "-0.4540845024",
        "-0.4913789548",
        "-1.5133939992",
        "2.4500312567",
        "0.4255104793",
        "-0.3387765822",
        "-0.9333515287",
        "-1.1401287732",
        "2.3128227530",
        "0.3410565101",
        "-0.2692443354",
        "-1.3878285894",
        "-0.6173554688",
        "2.0959209845",
        "0.2783780690",
        "-0.2507796685",
        "-1.7865238235",
        "0.0000000000"
      ]
    }
  },
  "iot1/teaching_factory_fast/ground_truth": {
    "1": {
      "bottle": "24554",
      "is_cracked": "0"
    },
    "2": {
      "bottle": "24555",
      "is_cracked": "0"
    }
  },
  "iot1/teaching_factory_fast/dispenser_red": {
    "1": {
      "dispenser": "red",
      "bottle": "24557",
      "time": 1718357000,
      "fill_level_grams": 0,
      "recipe": 21
    },
    "2": {
      "dispenser": "red",
      "bottle": "24558",
      "time": 1718357004,
      "fill_level_grams": 0,
      "recipe": 21
    }
  },
  "iot1/teaching_factory_fast/temperature": {
    "1": {
      "time": 1718357000,
      "temperature_C": 30.892697737095396
    },
    "2": {
      "time": 1718357000,
      "temperature_C": 32.68128619976734
    },
    "3": {
      "time": 1718357000,
      "temperature_C": 30.42060440693524
    },
    "4": {
      "time": 1718357004,
      "temperature_C": 31.085872869722895
    }
  },
  "iot1/teaching_factory_fast/dispenser_blue": {
    "1": {
      "dispenser": "blue",
      "bottle": "24556",
      "time": 1718357000,
      "fill_level_grams": 320.7468600063997,
      "recipe": 21
    },
    "2": {
      "dispenser": "blue",
      "bottle": "24557",
      "time": 1718357004,
      "fill_level_grams": 300.9837088785224,
      "recipe": 21
    }
  },
  "iot1/teaching_factory_fast/dispenser_green": {
    "1": {
      "dispenser": "green",
      "bottle": "24555",
      "time": 1718357000,
      "fill_level_grams": 0,
      "recipe": 21
    }
  }
}