index,bottle,time,fill_level_grams
1,24556,1718357000,320.7468600063997
2,24557,1718357004,300.9837088785224
